game_id,mu_t14,sigma_t14,p_t14,mu_ch,sigma_ch,p_ch,d_mu,d_sigma,d_p,tier_t14,tier_ch
401629032,12.074853049541447,19.659512166509018,0.8090013867561499,7.265880318757787,17.576717807677156,0.7436128906192598,4.80897273078366,2.082794358831862,0.06538849613689002,clear_lean,clear_lean
401628495,19.259939663990643,21.056331469115836,0.8686795973877985,10.634548527329272,16.492101826225714,0.8049462474925826,8.62539113666137,4.564229642890123,0.06373334989521595,strong_lean,clear_lean
401643793,34.00448342489317,21.889738003278676,0.9601156166165008,20.14125755623965,17.570703682961508,0.9169163544798762,13.863225868653522,4.319034320317169,0.04319926213662462,strong_lean,strong_lean
401641025,31.155447592403444,21.965432409423688,0.9491252582532178,21.899534574772815,17.365267314956558,0.9413709361352247,9.255913017630629,4.60016509446713,0.0077543221179930955,strong_lean,strong_lean
401628376,8.951094005428523,19.13321115740037,0.7494885384937547,5.331624659837931,14.530143021413927,0.7275412316632937,3.619469345590592,4.603068135986444,0.02194730683046109,clear_lean,clear_lean
401645337,10.244726811565005,21.05662875712576,0.758932589989316,0.4385137930622756,19.71380960928241,0.5631085226334283,9.80621301850273,1.3428191478433504,0.19582406735588775,clear_lean,toss_up
401644738,11.359798766919631,19.268369012312295,0.7908452980891977,11.077112156427678,18.81690410580232,0.791283013514219,0.28268661049195387,0.45146490650997606,0.00043771542502135663,clear_lean,clear_lean
401640981,18.864927897897452,17.780024304459232,0.9024956790258618,10.921290528163189,16.77888696399787,0.8065886705791567,7.9436373697342635,1.0011373404613622,0.09590700844670508,strong_lean,clear_lean
401645335,42.32700813130851,18.874225574288943,0.9934179354689332,5.580494831448425,22.472139718964765,0.6834308030138841,36.746513299860084,3.5979141446758227,0.30998713245504905,strong_lean,lean
401628378,38.13743376645451,22.139164939585623,0.9706673179387815,33.35931626019537,18.067180114325065,0.9830789629472316,4.778117506259136,4.071984825260557,0.012411645008450156,strong_lean,strong_lean
401643796,12.006874748181643,18.5221585076397,0.815035375513172,12.661300845779403,17.232615532498485,0.8481980870969777,0.65442609759776,1.289542975141213,0.03316271158380579,clear_lean,clear_lean
401635561,17.690569252497568,18.93881629500912,0.8775276856810439,20.933845644813687,20.73653064474171,0.8855864973494076,3.243276392316119,1.7977143497325905,0.008058811668363752,strong_lean,strong_lean
401635565,43.21858800129666,21.400116606795603,0.9872344939873532,12.086610588500486,19.67728657657183,0.808072927473201,31.131977412796175,1.722830030223772,0.17916156651415216,strong_lean,clear_lean
401643720,10.675550094960418,19.06623771344927,0.784668794381549,-2.3375872207970154,18.091706673919887,0.47226448561707457,13.013137315757433,0.9745310395293814,0.31240430876447445,clear_lean,toss_up
401635563,15.576300464435075,19.439347401825945,0.845986269782572,8.757687010101524,19.151760960621992,0.7471099929180622,6.818613454333551,0.2875864412039526,0.09887627686450973,clear_lean,clear_lean
401628373,9.413927269355689,20.03191312429128,0.7494896950005532,8.843021697901337,17.54248922411494,0.7597984960648052,0.5709055714543521,2.4894239001763374,0.010308801064252027,clear_lean,clear_lean
401635564,-5.411311329511328,19.110894246852496,0.37110329864561276,-8.70209376887271,16.940888355290323,0.2529159256081499,3.290782439361381,2.170005891562173,0.11818737303746285,lean,clear_lean
401628501,-2.9653273721621565,17.72400556613527,0.43641818579402913,-5.505683030872084,18.37436080697929,0.3578625524381347,2.5403556587099274,0.6503552408440214,0.07855563335589444,toss_up,lean
401643718,4.402984570229812,21.45639076347879,0.6754639777617608,-7.0010138717256325,20.51966770992644,0.33298436557013145,11.403998441955444,0.936723053552349,0.34247961219162937,lean,lean
401636881,-10.08605228932269,22.326185493506248,0.2710674799034203,-17.934552203297713,18.408249335557127,0.10531659223822798,7.848499913975022,3.9179361579491214,0.1657508876651923,clear_lean,strong_lean
401628377,16.212234742878547,23.0072888871375,0.8135479279267495,12.522930117741334,17.607205056579705,0.8428975155915577,3.689304625137213,5.400083830557794,0.02934958766480822,clear_lean,clear_lean
401635560,17.136705213205616,21.05939847273263,0.8450655573475313,7.5684038348219715,16.777097602308228,0.7474299125108681,9.568301378383644,4.282300870424404,0.0976356448366632,clear_lean,clear_lean
401629043,13.536981959100759,20.897658125753914,0.8335968640495105,13.395316158577593,16.49395701615856,0.8659481316391792,0.14166580052316569,4.403701109595353,0.032351267589668664,clear_lean,strong_lean
401635562,14.645700400239036,20.836973566436725,0.8164764997205018,15.226045824267798,19.54547183945028,0.8370391400059267,0.5803454240287618,1.2915017269864464,0.02056264028542487,clear_lean,clear_lean
401636883,8.681710729787694,19.343692157544712,0.7471093636311663,4.211977285200337,17.201918866420485,0.6946784724830488,4.469733444587357,2.1417732911242275,0.0524308911481175,clear_lean,lean
401645336,18.22541506289632,21.85537867114428,0.8481028158628166,11.361818170373585,17.107735110871264,0.8095621938935427,6.863596892522736,4.747643560273016,0.03854062196927388,clear_lean,clear_lean
401645334,3.689638273207693,20.52741886555462,0.6715375544837112,-0.5865787963904956,18.8700874524049,0.5224298337242224,4.2762170695981885,1.6573314131497199,0.14910772075948886,lean,toss_up
401643794,21.27753315520281,20.369711431949927,0.8940980602829602,11.105060099166153,19.32810150656022,0.7885721127932204,10.172473056036658,1.0416099253897073,0.10552594748973987,strong_lean,clear_lean
401643721,13.575762247605965,19.654431599931144,0.8396144371143005,3.854024671378667,16.316271536265123,0.6916784390077544,9.721737576227298,3.3381600636660202,0.14793599810654612,clear_lean,lean
401628502,22.42681473210409,19.691651695909997,0.9212697003884927,12.05004394667924,16.915175782860093,0.8334157851844686,10.376770785424851,2.7764759130499037,0.08785391520402408,strong_lean,clear_lean
401645333,4.611315996937894,23.466611087725546,0.6682614269034726,3.24097279255525,22.502985228585413,0.6391430471364798,1.3703432043826442,0.9636258591401337,0.02911837976699272,lean,lean
401636886,8.08513068116647,21.296997573783194,0.7189840672974447,0.12653812934088715,19.792510496654288,0.558488100843175,7.958592551825583,1.504487077128907,0.16049596645426967,clear_lean,toss_up
401628980,18.227536720663977,21.01400359446934,0.8560929366438663,11.850877619027488,16.92423785917041,0.8303910910146487,6.3766591016364895,4.089765735298929,0.025701845629217623,strong_lean,clear_lean
401628497,13.31346201643244,19.86207134023807,0.8307317212408558,10.257111370163091,17.535087866525362,0.7856218845735028,3.0563506462693493,2.3269834737127084,0.04510983666735302,clear_lean,clear_lean
401643719,7.487337738316336,19.941496252594465,0.7258383892705248,9.728132727512474,15.663116371998797,0.7950320508551239,2.2407949891961376,4.2783798805956685,0.06919366158459905,clear_lean,clear_lean
401641018,32.69059065962217,21.398345952821582,0.9576867972189204,2.7352767482699534,22.8653649269498,0.6320727204650411,29.955313911352214,1.4670189741282158,0.3256140767538792,strong_lean,lean
401628375,5.149173964266604,19.065693475006,0.6926451298590897,1.9022541671872149,17.30920241306937,0.6208963635843328,3.246919797079389,1.7564910619366287,0.0717487662747569,lean,lean
401628496,14.309747286776904,18.677731208714125,0.8603365402128537,7.619737084497472,18.88473778855427,0.7286367699294931,6.690010202279432,0.2070065798401437,0.13169977028336055,strong_lean,clear_lean
401628499,-12.96170297613758,22.246863900527707,0.21644200482571285,-10.215492538647128,17.80787548003092,0.2295540353958878,2.7462104374904523,4.438988420496788,0.01311203057017496,clear_lean,clear_lean
401643795,17.983797111620287,21.093365003155256,0.8560648931626563,11.275247989302168,16.41613805647922,0.8192481664566909,6.70854912231812,4.677226946676036,0.036816726705965475,strong_lean,clear_lean
401628374,8.92517283935985,19.51343163859745,0.7485193220725038,5.040696117599222,15.173358484565503,0.7176731268137382,3.8844767217606284,4.340073154031947,0.03084619525876564,clear_lean,clear_lean
401636880,-9.075420899148176,16.577526773009666,0.2419612908018276,-9.176965393868793,17.30933146638759,0.24780027637914714,0.101544494720617,0.7318046933779243,0.005838985577319544,clear_lean,clear_lean
401634767,20.48278748358256,22.47927197583368,0.8633369653571907,23.79243789998532,19.137846279647757,0.9356780122023464,3.3096504164027607,3.3414256961859223,0.07234104684515563,strong_lean,strong_lean
401628500,-12.987129685249855,17.920900974215265,0.16993812333161074,-17.14618742012222,14.60043434411359,0.06997692138557554,4.159057734872366,3.3204666301016736,0.0999612019460352,clear_lean,strong_lean
401628498,0.7541758113515303,17.13486308495962,0.5880028217307354,-18.52203136119344,17.435724578079668,0.08113002627479604,19.27620717254497,0.30086149312004906,0.5068727954559393,lean,strong_lean
401643792,14.777882212982504,19.560508685129513,0.8330992993350208,6.919057901045209,19.90016955291979,0.717588763429444,7.858824311937296,0.33966086779027904,0.1155105359055768,clear_lean,clear_lean
401636882,10.691933676698154,19.922537334557642,0.7764697623799623,9.909095067232077,16.1199440249243,0.792734649108332,0.7828386094660775,3.802593309633341,0.016264886728369676,clear_lean,clear_lean
401641041,4.5475232264022125,18.790308276122516,0.6900884696602624,-3.709840521859598,17.56297836943346,0.390831494748894,8.25736374826181,1.2273299066890573,0.2992569749113684,lean,lean
401635659,-0.16761311539968526,19.954444918656055,0.5516338781141963,0.09894223934797383,16.22569735558388,0.5584293092230748,0.2665553547476591,3.728747563072176,0.00679543110887848,toss_up,toss_up
401636884,13.109348282817002,20.93216550504708,0.8218219146715127,6.737541962592385,17.098028108164566,0.7409878979256933,6.371806320224618,3.8341373968825145,0.08083401674581936,clear_lean,clear_lean
401645332,-1.2858013906775572,17.846670675865173,0.5145151565004928,-8.823228317453959,15.11134981952325,0.23147749716327426,7.537426926776401,2.7353208563419233,0.2830376593372186,toss_up,clear_lean
401645331,-6.662145743393611,20.003467738694667,0.332703349632988,-3.010893460137266,16.11016801161695,0.4326026242438622,3.6512522832563454,3.893299727077718,0.09989927461087422,lean,toss_up
401636885,18.284209722101522,22.10046707786907,0.8477780256290428,15.276182463488064,18.56790368525031,0.8523270517263971,3.008027258613458,3.5325633926187585,0.004549026097354303,clear_lean,strong_lean
401641035,-2.657258313344379,17.987851878911286,0.445437148047218,-10.846388249192039,16.78319020620002,0.19788039035658012,8.18912993584766,1.2046616727112678,0.2475567576906379,toss_up,clear_lean
401644739,3.2485455926015203,19.205794409552883,0.647129449092378,-3.1197441668101153,20.247134028561625,0.4410331352042768,6.368289759411636,1.0413396190087418,0.20609631388810123,lean,toss_up
401640992,-7.6500102358727755,22.255847100268316,0.3189341479756509,-9.169043667272666,16.154129886280593,0.234680739905612,1.5190334313998903,6.1017172139877225,0.0842534080700389,lean,clear_lean
